INSERT INTO Brainiac (Username, FirstName, LastName, Email, Password, LastLogin) VALUES ('csdoctorsister', 'Brandeis', 'Marshall', 'email@mycompany.com', '123456', '2013-12-15');  
INSERT INTO Brainiac (Username, FirstName, LastName, Email, Password, LastLogin) VALUES ('erikkillm', 'Erik', 'Killmonger', 'erik@monger.com', '234567', '2013-12-17');  
INSERT INTO Brainiac (Username, FirstName, LastName, Email, Password, LastLogin) VALUES ('shuri95', 'Shuri', 'Smith', 'shuri@hercompany.com', '345678', '2013-12-20');  
INSERT INTO Brainiac (Username, FirstName, LastName, Email, Password, LastLogin) VALUES ('okoye80', 'Okoye', 'Milaje', 'okoye@okoye.com', '456789', '2013-12-21');  
INSERT INTO Brainiac (Username, FirstName, LastName, Email, Password, LastLogin) VALUES ('nakias', 'Nakia', 'Shauku', 'nakia@freespirit.com', '123456', '2013-12-21');  
INSERT INTO Brainiac (Username, FirstName, LastName, Email, Password, LastLogin) VALUES ('ulyssesk', 'Ulysses', 'Klaue', 'ulysses@klauw.com', 'uk78901', '2013-12-22');  
INSERT INTO Brainiac (Username, FirstName, LastName, Email, Password, LastLogin) VALUES ('buckyb', 'Bucky', 'Barnes', 'bucky@barnes.com', 'bb9435', '2013-12-23');  
INSERT INTO Brainiac (Username, FirstName, LastName, Email, Password, LastLogin) VALUES ('ramonda68', 'Ramonda', 'Smith', 'ramonda@hercompany.com', 'rs6758', '2013-12-20');  
INSERT INTO Brainiac (Username, FirstName, LastName, Email, Password, LastLogin) VALUES ('njobu', 'NJobu', 'Smith', 'njobu@hercompany.com', 'ns3456', '2013-12-21');  
INSERT INTO Brainiac (Username, FirstName, LastName, Email, Password, LastLogin) VALUES ('zurim', 'Zuri', 'Mentor', 'zuri@zcoaching.com', 'm3nt0r', '2013-12-27');  
INSERT INTO Brainiac (Username, FirstName, LastName, Email, Password, LastLogin) VALUES ('tchalla', 'Tchalla', 'Smith', 'tchalla@hercompany.com', '123456', '2013-12-17');  
INSERT INTO Brainiac (Username, FirstName, LastName, Email, Password, LastLogin) VALUES ('everettr', 'Everett', 'Ross', 'everett@goodguy.com', 'er055g00d', '2013-12-27');  
INSERT INTO Brainiac (Username, FirstName, LastName, Email, Password, LastLogin) VALUES ('mbakuw', 'Mbaky', 'Winston', 'mbaku@winston.com', 'mw7126', '2013-12-28');  
INSERT INTO Brainiac (Username, FirstName, LastName, Email, Password, LastLogin) VALUES ('tchaka', 'Tchaka', 'Smith', 'tchaka@hercompany.com', 'tsm1th9012', '2013-12-18');  
INSERT INTO Brainiac (Username, FirstName, LastName, Email, Password, LastLogin) VALUES ('wkabik', 'Wkabi', 'Knight', 'wkabi@knight.com', 'wkkthxby3', '2013-12-29');  
INSERT INTO Brainiac (Username, FirstName, LastName, Email, Password, LastLogin) VALUES ('elmo3', 'Elmo', 'Street', 'elmo@flowerstreet.com', 'esfl0w3r3', '2013-12-15');  
INSERT INTO Brainiac (Username, FirstName, LastName, Email, Password, LastLogin) VALUES ('veronicam', 'Veronica', 'Martin', 'veronica@martin.com', 'vmart1nu2', '2013-12-30');  
INSERT INTO Brainiac (Username, FirstName, LastName, Email, Password, LastLogin) VALUES ('ninam', 'Nina', 'Marshall', 'nina@nina.com', 'nm2356', '2013-12-15');  
INSERT INTO Brainiac (Username, FirstName, LastName, Email, Password, LastLogin) VALUES ('rogerd', 'Roger', 'Drummer', 'roger@drummer.com', 'rd1234', '2013-12-20');  
INSERT INTO Brainiac (Username, FirstName, LastName, Email, Password, LastLogin) VALUES ('markush', 'Markus', 'Hill', 'marcus@marcushill.com', 'mh1ll87!', '2013-12-30');  
INSERT INTO Brainiac (Username, FirstName, LastName, Email, Password, LastLogin) VALUES ('johnw', 'John', 'Williams', 'john@johnnyw.com', 'jw1llam588', '2013-11-15');  
INSERT INTO Brainiac (Username, FirstName, LastName, Email, Password, LastLogin) VALUES ('gooddatarick', 'Rick', 'Marshall', 'rick@gooddataco.com', '123456', '2013-10-15');  
INSERT INTO Brainiac (Username, FirstName, LastName, Email, Password, LastLogin) VALUES ('ladymo', 'Monique', 'Robinson', 'mo@robinsongroup.com', 'm01ady90', '2013-7-11');  
INSERT INTO Brainiac (Username, FirstName, LastName, Email, Password, LastLogin) VALUES ('joyb', 'Jocelyn', 'Black', 'joy@black.com', 'jb123456', '2014-1-15');  
INSERT INTO Brainiac (Username, FirstName, LastName, Email, Password, LastLogin) VALUES ('beckettc', 'Beckett', 'Castle', 'beckett@castle.com', 'acdc15679', '2014-7-15');  

INSERT INTO Friend (Username, FriendType, DateConnected, Brainiac_Username) VALUES ('csdoctorsister', 'coworker', '2015-01-07', 'tchalla');
INSERT INTO Friend (Username, FriendType, DateConnected, Brainiac_Username) VALUES ('shuri', 'coworker', '2013-12-21', 'tchalla');
INSERT INTO Friend (Username, FriendType, DateConnected, Brainiac_Username) VALUES ('ramonda', 'coworker', '2013-12-17', 'tchalla');
INSERT INTO Friend (Username, FriendType, DateConnected, Brainiac_Username) VALUES ('tchaka', 'coworker', '2013-12-18', 'tchalla');
INSERT INTO Friend (Username, FriendType, DateConnected, Brainiac_Username) VALUES ('wkabik', 'coworker', '2013-12-30', 'tchalla');
INSERT INTO Friend (Username, FriendType, DateConnected, Brainiac_Username) VALUES ('joyb', 'coworker', '2013-12-30', 'csdoctorsister');
INSERT INTO Friend (Username, FriendType, DateConnected, Brainiac_Username) VALUES ('ninam', 'coworker', '2013-12-30', 'csdoctorsister');
INSERT INTO Friend (Username, FriendType, DateConnected, Brainiac_Username) VALUES ('ladymo', 'coworker', '2013-12-30', 'csdoctorsister');
INSERT INTO Friend (Username, FriendType, DateConnected, Brainiac_Username) VALUES ('gooddatarick', 'coworker', '2013-12-30', 'csdoctorsister');
INSERT INTO Friend (Username, FriendType, DateConnected, Brainiac_Username) VALUES ('elmo3', 'colleague in field', '2015-12-3', 'erikkillm');
INSERT INTO Friend (Username, FriendType, DateConnected, Brainiac_Username) VALUES ('beckettc', 'colleague outside field', '2016-9-3', 'erikkillm');
INSERT INTO Friend (Username, FriendType, DateConnected, Brainiac_Username) VALUES ('johnw', 'coworker', '2017-1-20', 'erikkillm');

INSERT INTO Follower (Username, DateFollowed, Brainiac_Username) VALUES ('johnw', '2014-1-20', 'everettr');
INSERT INTO Follower (Username, DateFollowed, Brainiac_Username) VALUES ('ulyssesk', '2014-2-21', 'buckyb');
INSERT INTO Follower (Username, DateFollowed, Brainiac_Username) VALUES ('nakias', '2014-6-6', 'veronicam');
INSERT INTO Follower (Username, DateFollowed, Brainiac_Username) VALUES ('wkabik', '2015-5-4', 'everettr');
INSERT INTO Follower (Username, DateFollowed, Brainiac_Username) VALUES ('zurim', '2017-4-20', 'everettr');
INSERT INTO Follower (Username, DateFollowed, Brainiac_Username) VALUES ('rogerd', '2017-4-20', 'markush');

INSERT INTO Post (PostID, Message, DateCreated, Brainiac_Username) VALUES (1, 'anyone out there?!?', '2013-12-15', 'csdoctorsister');
INSERT INTO Post (PostID, Message, DateCreated, Brainiac_Username) VALUES (	2	,	'Lorem ipsum dolor sit amet, consectetur adipiscing elit, sed do eiusmod tempor incididunt ut labore et dolore magna aliqua.'	,	'2014-1-7'	,	'csdoctorsister'	); 
INSERT INTO Post (PostID, Message, DateCreated, Brainiac_Username) VALUES (	3	,	'Elit sed vulputate mi sit amet mauris.'	,	'2015-10-7'	,	'okoye80'	); 
INSERT INTO Post (PostID, Message, DateCreated, Brainiac_Username) VALUES (	4	,	'Volutpat sed cras ornare arcu dui.'	,	'2017-11-17'	,	'tchalla'	); 
INSERT INTO Post (PostID, Message, DateCreated, Brainiac_Username) VALUES (	5	,	'Ipsum a arcu cursus vitae. Mattis'	,	'2014-2-7'	,	'ulyssesk'	); 
INSERT INTO Post (PostID, Message, DateCreated, Brainiac_Username) VALUES (	6	,	'Ipsum suspendisse ultrices gravida dictum fusce ut placerat.'	,	'2014-3-7'	,	'njobu'	); 
INSERT INTO Post (PostID, Message, DateCreated, Brainiac_Username) VALUES (	7	,	'Adipiscing tristique risus nec feugiat in fermentum.'	,	'2018-1-7'	,	'elmo3'	); 
INSERT INTO Post (PostID, Message, DateCreated, Brainiac_Username) VALUES (	8	,	'Feugiat in ante metus dictum at tempor commodo.'	,	'2016-1-8'	,	'buckyb'	); 
INSERT INTO Post (PostID, Message, DateCreated, Brainiac_Username) VALUES (	9	,	'Felis donec et odio pellentesque diam volutpat commodo.'	,	'2014-1-7'	,	'csdoctorsister'	); 
INSERT INTO Post (PostID, Message, DateCreated, Brainiac_Username) VALUES (	10	,	'Augue ut lectus arcu bibendum at varius vel.'	,	'2015-10-7'	,	'okoye80'	); 
INSERT INTO Post (PostID, Message, DateCreated, Brainiac_Username) VALUES (	11	,	'Dui vivamus arcu felis bibendum ut tristique.'	,	'2017-11-17'	,	'tchalla'	); 
INSERT INTO Post (PostID, Message, DateCreated, Brainiac_Username) VALUES (	12	,	'Lorem ipsum dolor sit amet, consectetur adipiscing elit, sed do eiusmod tempor incididunt ut labore et dolore magna aliqua.'	,	'2014-2-7'	,	'ulyssesk'	); 
INSERT INTO Post (PostID, Message, DateCreated, Brainiac_Username) VALUES (	13	,	'Elit sed vulputate mi sit amet mauris.'	,	'2014-3-7'	,	'njobu'	); 
INSERT INTO Post (PostID, Message, DateCreated, Brainiac_Username) VALUES (	14	,	'Volutpat sed cras ornare arcu dui.'	,	'2018-1-7'	,	'elmo3'	); 
INSERT INTO Post (PostID, Message, DateCreated, Brainiac_Username) VALUES (	15	,	'Ipsum a arcu cursus vitae. Mattis'	,	'2016-1-8'	,	'buckyb'	); 
INSERT INTO Post (PostID, Message, DateCreated, Brainiac_Username) VALUES (	16	,	'Ipsum suspendisse ultrices gravida dictum fusce ut placerat.'	,	'2014-1-7'	,	'csdoctorsister'	); 
INSERT INTO Post (PostID, Message, DateCreated, Brainiac_Username) VALUES (	17	,	'Adipiscing tristique risus nec feugiat in fermentum.'	,	'2015-10-7'	,	'okoye80'	); 
INSERT INTO Post (PostID, Message, DateCreated, Brainiac_Username) VALUES (	18	,	'Feugiat in ante metus dictum at tempor commodo.'	,	'2017-11-17'	,	'tchalla'	); 
INSERT INTO Post (PostID, Message, DateCreated, Brainiac_Username) VALUES (	19	,	'Felis donec et odio pellentesque diam volutpat commodo.'	,	'2014-2-7'	,	'ulyssesk'	); 
INSERT INTO Post (PostID, Message, DateCreated, Brainiac_Username) VALUES (	20	,	'Augue ut lectus arcu bibendum at varius vel.'	,	'2014-3-7'	,	'njobu'	); 
INSERT INTO Post (PostID, Message, DateCreated, Brainiac_Username) VALUES (	21	,	'Dui vivamus arcu felis bibendum ut tristique.'	,	'2018-1-7'	,	'elmo3'	); 
INSERT INTO Post (PostID, Message, DateCreated, Brainiac_Username) VALUES (	22	,	'Lorem ipsum dolor sit amet, consectetur adipiscing elit, sed do eiusmod tempor incididunt ut labore et dolore magna aliqua.'	,	'2016-1-8'	,	'buckyb'	); 
INSERT INTO Post (PostID, Message, DateCreated, Brainiac_Username) VALUES (	23	,	'Elit sed vulputate mi sit amet mauris.'	,	'2014-1-7'	,	'csdoctorsister'	); 
INSERT INTO Post (PostID, Message, DateCreated, Brainiac_Username) VALUES (	24	,	'Volutpat sed cras ornare arcu dui.'	,	'2015-10-7'	,	'okoye80'	); 
INSERT INTO Post (PostID, Message, DateCreated, Brainiac_Username) VALUES (	25	,	'Ipsum a arcu cursus vitae. Mattis'	,	'2017-11-17'	,	'tchalla'	); 
INSERT INTO Post (PostID, Message, DateCreated, Brainiac_Username) VALUES (	26	,	'Ipsum suspendisse ultrices gravida dictum fusce ut placerat.'	,	'2014-2-7'	,	'ulyssesk'	); 
INSERT INTO Post (PostID, Message, DateCreated, Brainiac_Username) VALUES (	27	,	'Adipiscing tristique risus nec feugiat in fermentum.'	,	'2014-3-7'	,	'njobu'	); 
INSERT INTO Post (PostID, Message, DateCreated, Brainiac_Username) VALUES (	28	,	'Feugiat in ante metus dictum at tempor commodo.'	,	'2018-1-7'	,	'elmo3'	); 
INSERT INTO Post (PostID, Message, DateCreated, Brainiac_Username) VALUES (	29	,	'Felis donec et odio pellentesque diam volutpat commodo.'	,	'2016-1-8'	,	'buckyb'	); 
INSERT INTO Post (PostID, Message, DateCreated, Brainiac_Username) VALUES (	30	,	'Augue ut lectus arcu bibendum at varius vel.'	,	'2014-1-7'	,	'csdoctorsister'	); 
INSERT INTO Post (PostID, Message, DateCreated, Brainiac_Username) VALUES (	31	,	'Dui vivamus arcu felis bibendum ut tristique.'	,	'2015-10-7'	,	'okoye80'	); 
INSERT INTO Post (PostID, Message, DateCreated, Brainiac_Username) VALUES (	32	,	'Lorem ipsum dolor sit amet, consectetur adipiscing elit, sed do eiusmod tempor incididunt ut labore et dolore magna aliqua.'	,	'2017-11-17'	,	'tchalla'	); 
INSERT INTO Post (PostID, Message, DateCreated, Brainiac_Username) VALUES (	33	,	'Elit sed vulputate mi sit amet mauris.'	,	'2014-2-7'	,	'ulyssesk'	); 
INSERT INTO Post (PostID, Message, DateCreated, Brainiac_Username) VALUES (	34	,	'Volutpat sed cras ornare arcu dui.'	,	'2014-3-7'	,	'njobu'	); 
INSERT INTO Post (PostID, Message, DateCreated, Brainiac_Username) VALUES (	35	,	'Ipsum a arcu cursus vitae. Mattis'	,	'2018-1-7'	,	'elmo3'	); 
INSERT INTO Post (PostID, Message, DateCreated, Brainiac_Username) VALUES (	36	,	'Ipsum suspendisse ultrices gravida dictum fusce ut placerat.'	,	'2016-1-8'	,	'buckyb'	); 
INSERT INTO Post (PostID, Message, DateCreated, Brainiac_Username) VALUES (	37	,	'Adipiscing tristique risus nec feugiat in fermentum.'	,	'2014-1-7'	,	'tchaka'	); 
INSERT INTO Post (PostID, Message, DateCreated, Brainiac_Username) VALUES (	38	,	'Feugiat in ante metus dictum at tempor commodo.'	,	'2015-10-7'	,	'beckettc'	); 
INSERT INTO Post (PostID, Message, DateCreated, Brainiac_Username) VALUES (	39	,	'Felis donec et odio pellentesque diam volutpat commodo.'	,	'2017-11-17'	,	'shuri95'	); 
INSERT INTO Post (PostID, Message, DateCreated, Brainiac_Username) VALUES (	40	,	'Augue ut lectus arcu bibendum at varius vel.'	,	'2014-2-7'	,	'tchalla'	); 
INSERT INTO Post (PostID, Message, DateCreated, Brainiac_Username) VALUES (	41	,	'Dui vivamus arcu felis bibendum ut tristique.'	,	'2014-3-7'	,	'ulyssesk'	); 
INSERT INTO Post (PostID, Message, DateCreated, Brainiac_Username) VALUES (	42	,	'Volutpat sed cras ornare arcu dui.'	,	'2018-1-7'	,	'njobu'	); 
INSERT INTO Post (PostID, Message, DateCreated, Brainiac_Username) VALUES (	43	,	'Tellus pellentesque eu tincidunt tortor aliquam nulla facilisi cras.'	,	'2016-1-8'	,	'elmo3'	); 
INSERT INTO Post (PostID, Message, DateCreated, Brainiac_Username) VALUES (	44	,	'Diam quam nulla porttitor massa id neque aliquam vestibulum.'	,	'2014-1-7'	,	'buckyb'	); 
INSERT INTO Post (PostID, Message, DateCreated, Brainiac_Username) VALUES (	45	,	'Volutpat sed cras ornare arcu dui.'	,	'2015-10-7'	,	'tchaka'	); 
INSERT INTO Post (PostID, Message, DateCreated, Brainiac_Username) VALUES (	46	,	'Ipsum a arcu cursus vitae. Mattis'	,	'2017-11-17'	,	'beckettc'	); 
INSERT INTO Post (PostID, Message, DateCreated, Brainiac_Username) VALUES (	47	,	'Ipsum suspendisse ultrices gravida dictum fusce ut placerat.'	,	'2014-2-7'	,	'shuri95'	); 
INSERT INTO Post (PostID, Message, DateCreated, Brainiac_Username) VALUES (	48	,	'Adipiscing tristique risus nec feugiat in fermentum.'	,	'2014-3-7'	,	'tchalla'	); 
INSERT INTO Post (PostID, Message, DateCreated, Brainiac_Username) VALUES (	49	,	'Feugiat in ante metus dictum at tempor commodo.'	,	'2018-1-7'	,	'ulyssesk'	); 
INSERT INTO Post (PostID, Message, DateCreated, Brainiac_Username) VALUES (	50	,	'Felis donec et odio pellentesque diam volutpat commodo.'	,	'2016-1-8'	,	'njobu'	); 
INSERT INTO Post (PostID, Message, DateCreated, Brainiac_Username) VALUES (	51	,	'Augue ut lectus arcu bibendum at varius vel.'	,	'2014-1-7'	,	'elmo3'	); 
INSERT INTO Post (PostID, Message, DateCreated, Brainiac_Username) VALUES (	52	,	'Dui vivamus arcu felis bibendum ut tristique.'	,	'2015-10-7'	,	'buckyb'	); 
INSERT INTO Post (PostID, Message, DateCreated, Brainiac_Username) VALUES (	53	,	'Volutpat sed cras ornare arcu dui.'	,	'2017-11-17'	,	'tchaka'	); 
INSERT INTO Post (PostID, Message, DateCreated, Brainiac_Username) VALUES (	54	,	'Tellus pellentesque eu tincidunt tortor aliquam nulla facilisi cras.'	,	'2014-2-7'	,	'beckettc'	); 
INSERT INTO Post (PostID, Message, DateCreated, Brainiac_Username) VALUES (	55	,	'Diam quam nulla porttitor massa id neque aliquam vestibulum.'	,	'2014-3-7'	,	'shuri95'	); 
INSERT INTO Post (PostID, Message, DateCreated, Brainiac_Username) VALUES (	56	,	'Volutpat sed cras ornare arcu dui.'	,	'2018-1-7'	,	'tchalla'	); 
INSERT INTO Post (PostID, Message, DateCreated, Brainiac_Username) VALUES (	57	,	'Ipsum a arcu cursus vitae. Mattis'	,	'2016-1-8'	,	'ulyssesk'	); 
INSERT INTO Post (PostID, Message, DateCreated, Brainiac_Username) VALUES (	58	,	'Ipsum suspendisse ultrices gravida dictum fusce ut placerat.'	,	'2014-1-7'	,	'njobu'	); 
INSERT INTO Post (PostID, Message, DateCreated, Brainiac_Username) VALUES (	59	,	'Adipiscing tristique risus nec feugiat in fermentum.'	,	'2015-10-7'	,	'elmo3'	); 
INSERT INTO Post (PostID, Message, DateCreated, Brainiac_Username) VALUES (	60	,	'Feugiat in ante metus dictum at tempor commodo.'	,	'2017-11-17'	,	'buckyb'	); 
INSERT INTO Post (PostID, Message, DateCreated, Brainiac_Username) VALUES (	61	,	'Felis donec et odio pellentesque diam volutpat commodo.'	,	'2014-2-7'	,	'tchaka'	); 
INSERT INTO Post (PostID, Message, DateCreated, Brainiac_Username) VALUES (	62	,	'Augue ut lectus arcu bibendum at varius vel.'	,	'2014-3-7'	,	'beckettc'	); 
INSERT INTO Post (PostID, Message, DateCreated, Brainiac_Username) VALUES (	63	,	'Dui vivamus arcu felis bibendum ut tristique.'	,	'2018-1-7'	,	'shuri95'	); 
INSERT INTO Post (PostID, Message, DateCreated, Brainiac_Username) VALUES (	64	,	'Volutpat sed cras ornare arcu dui.'	,	'2016-1-8'	,	'tchalla'	); 
INSERT INTO Post (PostID, Message, DateCreated, Brainiac_Username) VALUES (	65	,	'Tellus pellentesque eu tincidunt tortor aliquam nulla facilisi cras.'	,	'2014-1-7'	,	'ulyssesk'	); 
INSERT INTO Post (PostID, Message, DateCreated, Brainiac_Username) VALUES (	66	,	'Diam quam nulla porttitor massa id neque aliquam vestibulum.'	,	'2015-10-7'	,	'njobu'	); 
INSERT INTO Post (PostID, Message, DateCreated, Brainiac_Username) VALUES (	67	,	'Volutpat sed cras ornare arcu dui.'	,	'2017-11-17'	,	'elmo3'	); 
INSERT INTO Post (PostID, Message, DateCreated, Brainiac_Username) VALUES (	68	,	'Ipsum a arcu cursus vitae. Mattis'	,	'2014-2-7'	,	'buckyb'	); 
INSERT INTO Post (PostID, Message, DateCreated, Brainiac_Username) VALUES (	69	,	'Ipsum suspendisse ultrices gravida dictum fusce ut placerat.'	,	'2014-3-7'	,	'tchaka'	); 
INSERT INTO Post (PostID, Message, DateCreated, Brainiac_Username) VALUES (	70	,	'Adipiscing tristique risus nec feugiat in fermentum.'	,	'2018-1-7'	,	'beckettc'	); 
INSERT INTO Post (PostID, Message, DateCreated, Brainiac_Username) VALUES (	71	,	'Feugiat in ante metus dictum at tempor commodo.'	,	'2016-1-8'	,	'shuri95'	); 
INSERT INTO Post (PostID, Message, DateCreated, Brainiac_Username) VALUES (	72	,	'Felis donec et odio pellentesque diam volutpat commodo.'	,	'2014-1-7'	,	'tchalla'	); 
INSERT INTO Post (PostID, Message, DateCreated, Brainiac_Username) VALUES (	73	,	'Augue ut lectus arcu bibendum at varius vel.'	,	'2015-10-7'	,	'ulyssesk'	); 
INSERT INTO Post (PostID, Message, DateCreated, Brainiac_Username) VALUES (	74	,	'Dui vivamus arcu felis bibendum ut tristique.'	,	'2017-11-17'	,	'njobu'	); 
INSERT INTO Post (PostID, Message, DateCreated, Brainiac_Username) VALUES (	75	,	'Volutpat sed cras ornare arcu dui.'	,	'2014-2-7'	,	'elmo3'	); 
INSERT INTO Post (PostID, Message, DateCreated, Brainiac_Username) VALUES (	76	,	'Tellus pellentesque eu tincidunt tortor aliquam nulla facilisi cras.'	,	'2014-3-7'	,	'buckyb'	); 
INSERT INTO Post (PostID, Message, DateCreated, Brainiac_Username) VALUES (	77	,	'Diam quam nulla porttitor massa id neque aliquam vestibulum.'	,	'2018-1-7'	,	'tchaka'	); 
INSERT INTO Post (PostID, Message, DateCreated, Brainiac_Username) VALUES (	78	,	'Volutpat sed cras ornare arcu dui.'	,	'2016-1-8'	,	'beckettc'	); 
INSERT INTO Post (PostID, Message, DateCreated, Brainiac_Username) VALUES (	79	,	'Ipsum a arcu cursus vitae. Mattis'	,	'2019-3-7'	,	'shuri95'	); 
INSERT INTO Post (PostID, Message, DateCreated, Brainiac_Username) VALUES (	80	,	'Ipsum suspendisse ultrices gravida dictum fusce ut placerat.'	,	'2017-10-22'	,	'ramonda68'	); 
INSERT INTO Post (PostID, Message, DateCreated, Brainiac_Username) VALUES (	81	,	'Adipiscing tristique risus nec feugiat in fermentum.'	,	'2017-10-22'	,	'ramonda68'	); 

INSERT INTO DirectMessage (BrainiacUsername, FriendUsername, Message, DateSent) VALUES (	'tchalla'	,	'csdoctorsister'	,	'Lorem ipsum dolor sit amet, consectetur adipiscing elit, sed do eiusmod tempor incididunt ut labore et dolore magna aliqua.'	,	'2014-1-7'	); 
INSERT INTO DirectMessage (BrainiacUsername, FriendUsername, Message, DateSent) VALUES (	'tchalla'	,	'shuri'	,	'Elit sed vulputate mi sit amet mauris.'	,	'2015-10-7'	); 
INSERT INTO DirectMessage (BrainiacUsername, FriendUsername, Message, DateSent) VALUES (	'tchalla'	,	'ramonda'	,	'Volutpat sed cras ornare arcu dui.'	,	'2017-11-17'	); 
INSERT INTO DirectMessage (BrainiacUsername, FriendUsername, Message, DateSent) VALUES (	'tchalla'	,	'tchaka'	,	'Ipsum a arcu cursus vitae. Mattis'	,	'2014-2-7'	); 
INSERT INTO DirectMessage (BrainiacUsername, FriendUsername, Message, DateSent) VALUES (	'tchalla'	,	'wkabik'	,	'Ipsum suspendisse ultrices gravida dictum fusce ut placerat.'	,	'2014-3-7'	); 
INSERT INTO DirectMessage (BrainiacUsername, FriendUsername, Message, DateSent) VALUES (	'csdoctorsister'	,	'joyb'	,	'Adipiscing tristique risus nec feugiat in fermentum.'	,	'2018-1-7'	); 
INSERT INTO DirectMessage (BrainiacUsername, FriendUsername, Message, DateSent) VALUES (	'csdoctorsister'	,	'ninam'	,	'Feugiat in ante metus dictum at tempor commodo.'	,	'2016-1-8'	); 
INSERT INTO DirectMessage (BrainiacUsername, FriendUsername, Message, DateSent) VALUES (	'csdoctorsister'	,	'ladymo'	,	'Felis donec et odio pellentesque diam volutpat commodo.'	,	'2014-1-7'	); 
INSERT INTO DirectMessage (BrainiacUsername, FriendUsername, Message, DateSent) VALUES (	'csdoctorsister'	,	'gooddatarick'	,	'Augue ut lectus arcu bibendum at varius vel.'	,	'2015-10-7'	); 
INSERT INTO DirectMessage (BrainiacUsername, FriendUsername, Message, DateSent) VALUES (	'erikkillm'	,	'elmo3'	,	'Dui vivamus arcu felis bibendum ut tristique.'	,	'2017-11-17'	); 
INSERT INTO DirectMessage (BrainiacUsername, FriendUsername, Message, DateSent) VALUES (	'erikkillm'	,	'beckettc'	,	'Lorem ipsum dolor sit amet, consectetur adipiscing elit, sed do eiusmod tempor incididunt ut labore et dolore magna aliqua.'	,	'2014-2-7'	); 
INSERT INTO DirectMessage (BrainiacUsername, FriendUsername, Message, DateSent) VALUES (	'erikkillm'	,	'johnw'	,	'Elit sed vulputate mi sit amet mauris.'	,	'2014-3-7'	); 